{"experiment": "ASTEROID", "abs_success": 903, "success_per_block": [58, 54, 84, 75, 105, 58, 61, 67, 68, 67, 118, 88], "success_per_trial": [[12, 14, 12, 19, 1], [6, 21, 20, 6, 1], [16, 18, 31, 17, 2], [33, 12, 16, 12, 2], [28, 17, 38, 22, 0], [4, 14, 21, 19, 0], [17, 22, 11, 11, 0], [9, 19, 27, 11, 1], [21, 18, 8, 20, 1], [19, 14, 9, 25, 0], [39, 32, 19, 28, 0], [33, 18, 19, 18, 0]], "success_per_block_slope": 2.2412587412587404, "success_per_trial_slope": [1.5559440559440556, 0.5559440559440567, -0.5909090909090888, 0.846153846153846, -0.1258741258741258]}