{"experiment": "ASTEROID", "abs_success": 1105, "success_per_block": [100, 84, 71, 79, 77, 89, 89, 90, 101, 92, 113, 120], "success_per_trial": [[9, 32, 28, 28, 3], [21, 25, 14, 18, 6], [13, 20, 17, 19, 2], [8, 34, 14, 17, 6], [2, 27, 23, 11, 14], [23, 40, 13, 12, 1], [16, 37, 21, 14, 1], [30, 22, 16, 20, 2], [26, 28, 21, 23, 3], [13, 28, 30, 20, 1], [35, 19, 33, 22, 4], [30, 36, 23, 30, 1]], "success_per_block_slope": 2.716783216783215, "success_per_trial_slope": [1.832167832167832, -0.006993006993005968, 0.8006993006993006, 0.43356643356643354, -0.3426573426573426]}