{"experiment": "ASTEROID", "abs_success": 713, "success_per_block": [47, 61, 50, 70, 67, 85, 90, 47, 59, 52, 48, 37], "success_per_trial": [[10, 11, 12, 11, 3], [16, 23, 12, 7, 3], [2, 26, 10, 11, 1], [12, 21, 9, 26, 2], [21, 15, 7, 22, 2], [24, 17, 31, 11, 2], [25, 29, 7, 28, 1], [9, 11, 12, 15, 0], [8, 29, 7, 14, 1], [10, 15, 12, 14, 1], [8, 14, 12, 12, 2], [8, 13, 7, 8, 1]], "success_per_block_slope": -1.1293706293706267, "success_per_trial_slope": [-0.3251748251748246, -0.3356643356643353, -0.20979020979020907, -0.10839160839160815, -0.1503496503496503]}