{"experiment": "ASTEROID", "abs_success": 1508, "success_per_block": [92, 95, 106, 108, 123, 137, 138, 141, 127, 155, 98, 188], "success_per_trial": [[32, 19, 22, 18, 1], [25, 11, 42, 15, 2], [30, 24, 30, 20, 2], [7, 31, 33, 35, 2], [35, 35, 22, 30, 1], [40, 32, 36, 28, 1], [34, 32, 30, 41, 1], [17, 37, 55, 31, 1], [24, 42, 30, 30, 1], [33, 51, 50, 20, 1], [10, 39, 26, 21, 2], [59, 41, 42, 45, 1]], "success_per_block_slope": 5.510489510489508, "success_per_trial_slope": [0.7272727272727275, 2.6013986013986012, 1.0279720279720277, 1.1958041958041956, -0.041958041958041814]}