{"experiment": "ASTEROID", "abs_success": 1029, "success_per_block": [40, 52, 65, 73, 71, 56, 67, 53, 111, 113, 150, 178], "success_per_trial": [[0, 15, 21, 3, 1], [9, 16, 20, 6, 1], [32, 10, 10, 12, 1], [23, 7, 28, 14, 1], [14, 6, 41, 10, 0], [19, 12, 17, 8, 0], [15, 17, 17, 18, 0], [7, 14, 25, 7, 0], [23, 38, 14, 35, 1], [28, 39, 34, 8, 4], [72, 18, 36, 24, 0], [26, 60, 64, 26, 2]], "success_per_block_slope": 10.080419580419578, "success_per_trial_slope": [2.7972027972027966, 3.146853146853146, 2.332167832167832, 1.7237762237762233, 0.0804195804195804]}