{"experiment": "ASTEROID", "abs_success": 700, "success_per_block": [50, 55, 59, 67, 76, 43, 43, 45, 39, 61, 81, 81], "success_per_trial": [[12, 13, 13, 11, 1], [12, 15, 21, 6, 1], [5, 19, 18, 16, 1], [16, 18, 22, 10, 1], [26, 14, 13, 22, 1], [6, 20, 10, 5, 2], [4, 25, 6, 6, 2], [10, 18, 12, 4, 1], [5, 16, 14, 3, 1], [11, 14, 29, 5, 2], [18, 21, 25, 15, 2], [19, 28, 19, 14, 1]], "success_per_block_slope": 1.244755244755245, "success_per_trial_slope": [0.23776223776223765, 0.667832167832168, 0.46153846153846134, -0.17832167832167842, 0.05594405594405593]}