{"experiment": "ASTEROID", "abs_success": 815, "success_per_block": [70, 65, 74, 73, 75, 64, 78, 75, 83, 61, 54, 43], "success_per_trial": [[10, 16, 25, 12, 7], [16, 9, 16, 20, 4], [16, 14, 13, 22, 9], [14, 24, 11, 21, 3], [24, 9, 14, 24, 4], [16, 23, 13, 11, 1], [19, 15, 22, 17, 5], [15, 14, 22, 23, 1], [24, 23, 20, 13, 3], [17, 17, 14, 10, 3], [15, 15, 8, 12, 4], [14, 9, 9, 10, 1]], "success_per_block_slope": -1.4790209790209783, "success_per_trial_slope": [0.23776223776223845, 7.896869371293518e-16, -0.5699300699300699, -0.7517482517482509, -0.395104895104895]}