{"experiment": "ASTEROID", "abs_success": 378, "success_per_block": [14, 26, 21, 24, 46, 47, 41, 26, 30, 31, 31, 41], "success_per_trial": [[0, 1, 9, 4, 0], [2, 8, 2, 14, 0], [7, 9, 3, 2, 0], [6, 11, 4, 2, 1], [15, 12, 6, 12, 1], [23, 8, 4, 11, 1], [3, 13, 14, 10, 1], [4, 10, 6, 6, 0], [4, 8, 13, 5, 0], [8, 10, 9, 4, 0], [11, 8, 3, 8, 1], [11, 14, 10, 5, 1]], "success_per_block_slope": 1.3146853146853148, "success_per_trial_slope": [0.5104895104895109, 0.46853146853146865, 0.40909090909090884, -0.11538461538461514, 0.04195804195804197]}