{"experiment": "ASTEROID", "abs_success": 740, "success_per_block": [22, 46, 63, 45, 74, 79, 68, 60, 69, 64, 96, 54], "success_per_trial": [[0, 4, 2, 14, 2], [9, 14, 14, 7, 2], [10, 20, 19, 10, 4], [8, 13, 13, 11, 0], [20, 10, 20, 23, 1], [16, 16, 30, 15, 2], [16, 17, 20, 14, 1], [19, 21, 8, 12, 0], [11, 6, 23, 19, 10], [22, 12, 6, 21, 3], [32, 26, 14, 19, 5], [17, 14, 12, 10, 1]], "success_per_block_slope": 3.0629370629370647, "success_per_trial_slope": [1.7132867132867133, 0.5629370629370635, 0.08041958041958111, 0.5139860139860142, 0.19230769230769232]}