{"experiment": "ASTEROID", "abs_success": 784, "success_per_block": [35, 32, 44, 82, 61, 64, 77, 62, 82, 69, 93, 83], "success_per_trial": [[7, 10, 9, 7, 2], [9, 10, 8, 3, 2], [13, 8, 15, 6, 2], [26, 34, 3, 18, 1], [18, 24, 10, 7, 2], [9, 23, 14, 16, 2], [29, 22, 11, 14, 1], [7, 13, 13, 27, 2], [19, 36, 10, 17, 0], [23, 22, 9, 14, 1], [37, 24, 11, 20, 1], [11, 41, 8, 20, 3]], "success_per_block_slope": 4.433566433566434, "success_per_trial_slope": [1.1118881118881128, 1.891608391608392, 0.052447552447552656, 1.416083916083916, -0.038461538461538436]}