{"experiment": "ASTEROID", "abs_success": 775, "success_per_block": [33, 81, 76, 77, 69, 51, 72, 45, 45, 82, 76, 68], "success_per_trial": [[2, 9, 10, 12, 0], [13, 24, 23, 21, 0], [12, 22, 19, 23, 0], [18, 7, 32, 16, 4], [14, 11, 17, 19, 8], [20, 9, 12, 9, 1], [15, 17, 8, 25, 7], [5, 5, 19, 15, 1], [4, 20, 11, 5, 5], [13, 27, 9, 25, 8], [8, 24, 19, 21, 4], [9, 15, 15, 27, 2]], "success_per_block_slope": 0.5979020979021011, "success_per_trial_slope": [-0.2202797202797199, 0.5454545454545455, -0.5384615384615374, 0.44755244755244783, 0.3636363636363636]}