{"experiment": "ASTEROID", "abs_success": 549, "success_per_block": [20, 33, 45, 50, 45, 35, 57, 42, 58, 41, 48, 75], "success_per_trial": [[0, 2, 3, 14, 1], [6, 12, 8, 6, 1], [18, 12, 7, 7, 1], [13, 12, 7, 17, 1], [13, 13, 9, 9, 1], [2, 11, 15, 7, 0], [10, 14, 24, 8, 1], [13, 9, 8, 11, 1], [19, 18, 10, 10, 1], [5, 11, 10, 14, 1], [10, 14, 12, 11, 1], [11, 14, 28, 22, 0]], "success_per_block_slope": 2.6748251748251755, "success_per_trial_slope": [0.3636363636363642, 0.573426573426574, 1.234265734265734, 0.5384615384615385, -0.03496503496503494]}