{"experiment": "ASTEROID", "abs_success": 462, "success_per_block": [14, 17, 19, 39, 18, 31, 38, 31, 33, 76, 74, 72], "success_per_trial": [[0, 2, 7, 5, 0], [6, 4, 2, 5, 0], [8, 10, 0, 1, 0], [16, 5, 9, 6, 3], [0, 10, 3, 5, 0], [7, 12, 7, 4, 1], [15, 16, 3, 3, 1], [6, 11, 11, 3, 0], [1, 17, 6, 8, 1], [12, 24, 11, 26, 3], [28, 21, 4, 21, 0], [24, 25, 7, 16, 0]], "success_per_block_slope": 5.475524475524475, "success_per_trial_slope": [1.5419580419580416, 1.9965034965034962, 0.34965034965034963, 1.5489510489510483, 0.038461538461538505]}