{"experiment": "ASTEROID", "abs_success": 933, "success_per_block": [48, 60, 69, 94, 94, 78, 78, 93, 84, 93, 81, 61], "success_per_trial": [[1, 14, 15, 17, 1], [16, 18, 14, 11, 1], [20, 19, 14, 11, 5], [24, 35, 11, 22, 2], [36, 33, 11, 13, 1], [26, 25, 11, 15, 1], [23, 23, 20, 11, 1], [22, 30, 14, 24, 3], [34, 22, 9, 19, 0], [28, 33, 22, 8, 2], [12, 36, 10, 16, 7], [8, 12, 26, 14, 1]], "success_per_block_slope": 1.5629370629370645, "success_per_trial_slope": [0.35664335664335794, 0.5664335664335669, 0.5209790209790214, 0.01748251748251745, 0.10139860139860146]}