{"experiment": "ASTEROID", "abs_success": 460, "success_per_block": [20, 39, 48, 39, 41, 27, 41, 35, 54, 39, 39, 38], "success_per_trial": [[0, 7, 7, 6, 0], [4, 20, 8, 6, 1], [3, 17, 17, 10, 1], [12, 7, 10, 9, 1], [5, 9, 15, 12, 0], [4, 12, 6, 5, 0], [15, 13, 8, 3, 2], [6, 13, 12, 3, 1], [16, 18, 16, 4, 0], [14, 14, 6, 4, 1], [5, 12, 16, 4, 2], [15, 11, 6, 4, 2]], "success_per_block_slope": 0.7202797202797215, "success_per_trial_slope": [0.9965034965034963, 0.06643356643356634, 0.024475524475524837, -0.47552447552447524, 0.10839160839160839]}