{"experiment": "ASTEROID", "abs_success": 1282, "success_per_block": [83, 100, 101, 128, 139, 90, 120, 142, 112, 74, 98, 95], "success_per_trial": [[16, 26, 21, 12, 8], [27, 26, 20, 25, 2], [17, 36, 21, 23, 4], [36, 40, 24, 27, 1], [26, 33, 40, 39, 1], [21, 15, 30, 19, 5], [26, 32, 20, 41, 1], [29, 48, 27, 32, 6], [35, 42, 14, 17, 4], [18, 16, 17, 17, 6], [14, 30, 12, 35, 7], [31, 21, 23, 19, 1]], "success_per_block_slope": -0.4055944055944024, "success_per_trial_slope": [0.22377622377622478, -0.3041958041958034, -0.6188811188811184, 0.26573426573426595, 0.02797202797202786]}