{"experiment": "ASTEROID", "abs_success": 1081, "success_per_block": [48, 61, 63, 67, 70, 87, 98, 101, 93, 92, 143, 158], "success_per_trial": [[1, 23, 5, 17, 2], [15, 21, 13, 11, 1], [16, 18, 20, 8, 1], [16, 18, 13, 15, 5], [13, 27, 16, 13, 1], [18, 21, 29, 17, 2], [25, 31, 29, 12, 1], [26, 22, 30, 23, 0], [17, 24, 29, 21, 2], [19, 18, 21, 33, 1], [32, 56, 20, 25, 10], [32, 51, 40, 35, 0]], "success_per_block_slope": 8.339160839160838, "success_per_trial_slope": [1.9790209790209792, 2.265734265734266, 2.0174825174825175, 1.9370629370629364, 0.1398601398601399]}