{"experiment": "ASTEROID", "abs_success": 892, "success_per_block": [47, 53, 72, 69, 62, 76, 94, 69, 82, 95, 73, 100], "success_per_trial": [[0, 15, 16, 16, 0], [7, 19, 7, 18, 2], [18, 27, 16, 10, 1], [11, 28, 15, 14, 1], [6, 26, 18, 12, 0], [10, 30, 18, 16, 2], [17, 36, 10, 30, 1], [9, 22, 16, 19, 3], [16, 15, 29, 21, 1], [26, 29, 18, 20, 2], [16, 15, 13, 29, 0], [12, 27, 24, 34, 3]], "success_per_block_slope": 3.5944055944055964, "success_per_trial_slope": [1.0839160839160842, 0.13636363636363677, 0.741258741258741, 1.5279720279720275, 0.10489510489510492]}