{"experiment": "ASTEROID", "abs_success": 1554, "success_per_block": [60, 65, 80, 76, 82, 73, 69, 101, 169, 222, 201, 356], "success_per_trial": [[7, 22, 19, 12, 0], [16, 17, 19, 12, 1], [17, 26, 22, 13, 2], [9, 35, 16, 12, 4], [15, 30, 22, 12, 3], [11, 20, 18, 23, 1], [9, 13, 25, 21, 1], [17, 30, 23, 26, 5], [33, 53, 43, 25, 15], [68, 62, 52, 28, 12], [28, 60, 68, 36, 9], [69, 92, 76, 108, 11]], "success_per_block_slope": 20.95104895104895, "success_per_trial_slope": [4.444055944055944, 5.216783216783215, 4.975524475524474, 5.181818181818181, 1.1328671328671327]}