{"experiment": "ASTEROID", "abs_success": 1017, "success_per_block": [71, 73, 103, 92, 73, 105, 90, 63, 83, 86, 91, 87], "success_per_trial": [[22, 12, 17, 18, 2], [23, 18, 13, 18, 1], [25, 28, 29, 21, 0], [19, 17, 44, 10, 2], [15, 11, 25, 21, 1], [31, 11, 38, 25, 0], [29, 11, 17, 31, 2], [15, 20, 12, 14, 2], [20, 23, 9, 30, 1], [17, 26, 19, 24, 0], [23, 18, 9, 38, 3], [23, 29, 14, 20, 1]], "success_per_block_slope": 0.4510489510489533, "success_per_trial_slope": [-0.14685314685314618, 0.8041958041958042, -1.307692307692306, 1.0769230769230766, 0.02447552447552444]}