{
    "experiment": "ASTEROID",
    "abs_success": 569,
    "success_per_block": [
        28,
        50,
        36,
        42,
        52,
        42,
        55,
        28,
        67,
        57,
        55,
        57
    ],
    "success_per_trial": [
        [
            4,
            10,
            4,
            6,
            4
        ],
        [
            20,
            15,
            10,
            5,
            0
        ],
        [
            10,
            15,
            7,
            3,
            1
        ],
        [
            11,
            16,
            8,
            6,
            1
        ],
        [
            15,
            19,
            7,
            10,
            1
        ],
        [
            13,
            5,
            8,
            16,
            0
        ],
        [
            13,
            24,
            8,
            9,
            1
        ],
        [
            3,
            11,
            12,
            2,
            0
        ],
        [
            20,
            13,
            10,
            24,
            0
        ],
        [
            9,
            14,
            10,
            23,
            1
        ],
        [
            10,
            24,
            11,
            9,
            1
        ],
        [
            13,
            12,
            21,
            10,
            1
        ]
    ],
    "success_per_block_slope": 2.017482517482516,
    "success_per_trial_slope": [
        0.03846153846153883,
        0.2657342657342661,
        0.846153846153846,
        0.9755244755244753,
        -0.10839160839160845
    ]
}