{"experiment": "ASTEROID", "abs_success": 684, "success_per_block": [49, 60, 37, 43, 45, 68, 71, 42, 59, 65, 71, 74], "success_per_trial": [[0, 13, 25, 10, 1], [16, 13, 19, 11, 1], [8, 7, 10, 12, 0], [9, 14, 9, 9, 2], [6, 11, 17, 11, 0], [7, 18, 31, 12, 0], [26, 25, 8, 10, 2], [12, 10, 9, 11, 0], [12, 21, 14, 11, 1], [21, 22, 10, 11, 1], [20, 15, 24, 11, 1], [21, 28, 13, 11, 1]], "success_per_block_slope": 2.251748251748254, "success_per_trial_slope": [1.4335664335664335, 1.1433566433566429, -0.3811188811188812, 0.041958041958042126, 0.01398601398601399]}